Project Name,ReACT Name/Number,Outcome,Recommendation,,,,,,
Liminal,ReACT-11 Keep the project small and simple.,Meets criteria,Recommend,,,,,,
Liminal,ReACT-26 Conduct unit tests.,Meets criteria,Recommend,,,,,,
Liminal,ReACT-32 Promote code transparency. Keep the code as simple as possible,"Does not meet criteria (Comment ratio is 0.05, which is below the recommended threshold of 15%.)",Do not recommend,,,,,,
Liminal,ReACT-82 Have and enforce a code of conduct,Does not meet criteria (No code of conduct file found in the project.),Do not recommend,,,,,,
Liminal,ReACT-66 Perform adequate testing before integrating a feature,Meets criteria,Recommend,,,,,,
Liminal,ReACT-File Extension Analysis,py: 65.94%; md: 10.84%; yml: 6.73%; txt: 4.49%; sh: 3.64%; png: 2.79%; yaml: 1.39%; rst: 0.93%; in: 0.70%; gitignore: 0.54%; conf: 0.54%; bat: 0.31%; py~HEAD: 0.31%; gif: 0.23%; csv: 0.23%; json: 0.15%; cfg: 0.15%; toml: 0.08%,N/A,,,,,,
ResDB,ReACT-11 Keep the project small and simple.,Meets criteria,Recommend,,,,,,
ResDB,ReACT-26 Conduct unit tests.,Meets criteria,Recommend,,,,,,
ResDB,ReACT-32 Promote code transparency. Keep the code as simple as possible,"Does not meet criteria (Comment ratio is 0.02, which is below the recommended threshold of 15%.)",Do not recommend,,,,,,
ResDB,ReACT-82 Have and enforce a code of conduct,Meets criteria,Recommend,,,,,,
ResDB,ReACT-66 Perform adequate testing before integrating a feature,Meets criteria,Recommend,,,,,,
ResDB,ReACT-File Extension Analysis,pub: 29.22%; pri: 29.22%; cert: 26.97%; cpp: 4.57%; h: 2.96%; sh: 1.23%; md: 1.12%; txt: 0.95%; config: 0.80%; conf: 0.54%; proto: 0.48%; yml: 0.37%; py: 0.31%; js: 0.28%; json: 0.16%; png: 0.14%; BUILD: 0.12%; bzl: 0.09%; config_1: 0.04%; config_2: 0.04%; ts: 0.04%; bazelversion: 0.04%; yaml: 0.03%; gitignore: 0.03%; map: 0.03%; config_3: 0.03%; bazelrc: 0.03%; config_4: 0.03%; bazel: 0.02%; sol: 0.02%; out: 0.02%; swp: 0.01%; jpg: 0.01%; css: 0.01%; xml: 0.01%; rat-excludes: 0.01%; npmignore: 0.01%; markdown: 0.01%; pdf: 0.01%,N/A,,,,,,
kvrocks,ReACT-14 Merge pull requests promptly.,Meets criteria (Avg merge time: 63.50 hours),Yes,,,,,,
kvrocks,ReACT-62 Encourage developers to start contributing to the project early.,Does not meet criteria (First commit date 2019-08-15 21:10:11+08:00 does not match repo creation month/year or insufficient contributions in first 2 months: 301),No,,,,,,
kvrocks,ReACT-81 Keep knowledge up to date and findable.,Meets criteria (Last README update: 2024-12-12 19:38:36+08:00),Yes,,,,,,
kvrocks,ReACT-9,Does not meet criteria (Keyword 'how to request for access' not found),No,,,,,,
kvrocks,ReACT-19,Does not meet criteria (Keyword 'flag newcomers' not found),No,,,,,,
kvrocks,ReACT-33,Does not meet criteria (Keyword 'contribution guidelines' not found),No,,,,,,
kvrocks,ReACT-84,Does not meet criteria (Keyword 'onboarding support' not found),No,,,,,,
kvrocks,ReACT-63,Average modified-to-added lines ratio: 0.00. Average number of modified files per commit: 23.30. Average number of new files added: 7275.00. Total number of commits analyzed: 7510; Ratio compares behaviour of developer whether he is adding new files or modifying existing files.,,,,,,,
kvrocks,ReACT-64,Number of code files modified: 65. Number of documentation files modified: 80. Code-to-Documentation file ratio: 0.81. If ratio is high then developers are focused on coding and not documentation and if low then vise versa,,,,,,,
kvrocks,ReACT-78,Total number of commits analyzed: 7510. Number of commits involving code comment updates: 100. Percentage of commits with comment updates: 1.33%. Low emphasis on updating comments in the codebase.,,,,,,,
kvrocks,ReACT-85,Total number of discussions analyzed: 6. Number of discussions involving in-person meetup announcements: 1. Percentage of meetups/announcements: 16.67%.,Yes,,,,,,
kvrocks,ReACT-89,Total discussions: 6. Discussions encouraging newcomer freedom: 1. Percentage: 16.67%. ,Yes,,,,,,
kvrocks,ReACT-91,"Total discussions: 4. Discussions with responses: 3. Quick responses (within 24 hours): 0. Percentage of quick responses: 0.00%. Average response time: 688 days, 9:32:25.333333",No,,,,,,
kvrocks,ReACT-92,Total discussions: 4. Positive sentiments: 2. Negative sentiments: 0. Neutral sentiments: 2. Positive %: 50.00%. Negative %: 0.00%. Neutral %: 50.00%. Average sentiment score: 0.19,Yes,,,,,,
kvrocks,ReACT-20,"The project facilitates communication through various channels, including a Zulip chat, a mailing list, and social media platforms like Medium, Twitter, and Zhihu.", Yes,,,,,,
kvrocks,ReACT-24,There is no indication of established local groups in different countries within the provided resources.,No,,,,,,
kvrocks,ReACT-25," The project maintains concise, updated, and accessible documentation, accessible through the official documentation link in the README.",Yes,,,,,,
kvrocks,ReACT-29,There is no explicit documentation detailing the code structure within the README or linked resources.,No,,,,,,
kvrocks,ReACT-31,"Coding guidelines are provided in the How to Contribute section, outlining code style and testing requirements.",Yes,,,,,,
kvrocks,ReACT-34,The README and linked resources do not maintain a roster of available project leaders.,No,,,,,,
kvrocks,ReACT-41,There is no mention of utilizing a distributed pair programming tool that supports defined roles between pairs in the README or linked resources.,No,,,,,,
kvrocks,ReACT-42,"The project does not encourage the use of tools that support synchronous editing of source code, as per the available information.",No,,,,,,
kvrocks,ReACT-46,"The communication channels listed do not include platforms that support both text and audio-based communication, such as Slack or Discord.",No,,,,,,
kvrocks,ReACT-57,"The project fosters a sense of belonging within the community through various communication channels and encourages continual contributions, as detailed in the Community section.",Yes,,,,,,
kvrocks,ReACT-48,There is no information regarding scheduled regular brainstorming sessions to establish a shared vision for the project.,No,,,,,,
kvrocks,ReACT-52,"The project encourages activities like reengineering, forward engineering, and corrective engineering through comprehensive documentation, including data structure and replication design details.",Yes,,,,,,
kvrocks,ReACT-53,"The project is incubated by a large software foundation, specifically the Apache Software Foundation.",Yes,,,,,,
kvrocks,ReACT-60,"The project promotes itself to increase visibility through social media profiles on Medium, Twitter, and Zhihu, and has garnered a significant number of stars on its GitHub repository.",Yes,,,,,,
kvrocks,ReACT-5,Pull based development approach exists,Yes,,,,,,
kvrocks,ReACT-6,Implemented GitHub Actions,Yes,,,,,,
kvrocks,ReACT-17,Experienced contributors collaborated with mentees on addressing bugs or issues.,Yes,,,,,,
kvrocks,ReACT-27,Contibutors provided context about what they had tried when reporting issues,Yes,,,,,,
kvrocks,ReACT-30,Implemented GitHub Actions,Yes,,,,,,
kvrocks,ReACT-58,Senior developers actively engage with and assist newcomers,Yes,,,,,,
kvrocks,ReACT-61,Partially implemented - not satisfactory,No-Recommend,,,,,,
kvrocks,ReACT-67,Clearly communicate unresolved issues to the developers,Yes,,,,,,
kvrocks,ReACT-86,Acknowledge all contributions of newcomers (comments),Yes,,,,,,
kvrocks,ReACT-95,Show newcomers what is expected from them, where the difficulties lie Place this information somewhere that newcomers access early in their journey,No,,,,,
kvrocks,ReACT-73,Static Analysis Linter Exists,Yes,,,,,,
kvrocks,ReACT-79,The README file provides some technical information, but it lacks clarity in terms of explicitly helping potential contributors evaluate if the project aligns with their domain expertise or technological interests.,Add a section that highlights the project's core technologies, its use cases, and which specific skill sets are most beneficial for contributing. This would help potential contributors assess if the project is a good fit for them.,,,
kvrocks,ReACT-93,Zulip chat and Mailing List are both available as communication channels.,Leverage Zulip for real-time discussions and use the Mailing List for formal updates and long-form communication.,,,,,,
kvrocks,ReACT-94,"The ""How to Contribute"" section exists but is not sufficiently highlighted for newcomers.",Improve the visibility of the contribution guidelines by creating a separate page dedicated to explaining how newcomers can contribute to the project, making it easier to access and follow.,,,,,
kvrocks,ReACT-95,"Contributing section is present, but detailed expectations and skill requirements are unclear.","Enhance the contributing section by providing explicit details about the skills, technologies, and expertise required for contributing to the project.",,,,,,
kvrocks,ReACT-97,Tutorials and documentation are present in the project.,Ensure that the tutorials are linked properly and easily accessible for users to learn about the project.,,,,,,
kvrocks,ReACT-98,The system setup process for newcomers is documented.,"Ensure that the setup instructions are simple, clear, and include all necessary dependencies to minimize friction.",,,,,,
kvrocks,ReACT-102,No live FAQ section feature found in the project.,Add a live FAQ section with interactive capabilities to improve user engagement.,,,,,,
kvrocks,ReACT-100,Processes and practices are documented within the project.,"Ensure that the documentation is comprehensive and up-to-date, including any new practices or processes.",,,,,,
kvrocks,ReACT-77,"Mailing list is mentioned, but not encouraged.","Add a call-to-action encouraging contributors to use the mailing list for discussions, feedback, and project-related questions.",,,,,,
kvrocks,ReACT-60,GitHub stars and social media links are present.,The README promotes visibility with both GitHub stars and social media links.,,,,,,
kvrocks,ReACT-20,"The project communicates through various channels: Medium, Twitter, Mailing List, Zulip, WeChat.",No action required. The project already communicates through various channels.,,,,,,
kvrocks,ReACT-103,Keep the community informed about decisions.,Yes,,,,,,
ResDB,ReACT-11 Keep the project small and simple.,Meets criteria,Yes,,,,,,
ResDB,ReACT-26 Conduct unit tests.,Meets criteria,Yes,,,,,,
ResDB,ReACT-32 Promote code transparency. Keep the code as simple as possible,"Does not meet criteria (Comment ratio is 0.02, which is below the recommended threshold of 15%.)",No,,,,,,
ResDB,ReACT-82 Have and enforce a code of conduct,Meets criteria,Yes,,,,,,
ResDB,ReACT-66 Perform adequate testing before integrating a feature,Meets criteria,Yes,,,,,,
ResDB,ReACT-16,pub: 29.22%; pri: 29.22%; cert: 26.97%; cpp: 4.57%; h: 2.96%; sh: 1.23%; md: 1.12%; txt: 0.95%; config: 0.80%; conf: 0.54%; proto: 0.48%; yml: 0.37%; py: 0.31%; js: 0.28%; json: 0.16%; png: 0.14%; BUILD: 0.12%; bzl: 0.09%; config_1: 0.04%; config_2: 0.04%; ts: 0.04%; bazelversion: 0.04%; yaml: 0.03%; gitignore: 0.03%; map: 0.03%; config_3: 0.03%; bazelrc: 0.03%; config_4: 0.03%; bazel: 0.02%; sol: 0.02%; out: 0.02%; swp: 0.01%; jpg: 0.01%; css: 0.01%; xml: 0.01%; rat-excludes: 0.01%; npmignore: 0.01%; markdown: 0.01%; pdf: 0.01%,N/A,,,,,,
ResDB,ReACT-16,"Total Integrators: 0, Total Merge Commits: 0, Earliest Merge: No merge commits found, Latest Merge: No merge commits found",No,,,,,,
ResDB,ReACT-36,"Meets criteria (Active developers: 4, Threshold: 50)",Yes,,,,,,
ResDB,ReACT-38,"Does not meet criteria (Experienced contributors: 4, Threshold: 5)",NoResDB,ReACT-14 Merge pull requests promptly.,Meets criteria (Avg merge time: 24.38 hours),Yes,,,
ResDB,ReACT-62 Encourage developers to start contributing to the project early.,Does not meet criteria (First commit date 2022-12-19 17:24:12+00:00 does not match repo creation month/year or insufficient contributions in first 2 months: 347),No,,,,,,
ResDB,ReACT-81 Keep knowledge up to date and findable.,Meets criteria (Last README update: 2025-02-14 17:14:56+08:00),Yes,,,,,,
ResDB,ReACT-9,Does not meet criteria (Keyword 'how to request for access' not found),No,,,,,,
ResDB,ReACT-19,Does not meet criteria (Keyword 'flag newcomers' not found),No,,,,,,
ResDB,ReACT-33,Does not meet criteria (Keyword 'contribution guidelines' not found),No,,,,,,
ResDB,ReACT-84,Does not meet criteria (Keyword 'onboarding support' not found),No,,,,,,
kvrocks,"ReACT-69: Improve Inheritance in the source code (Remove implicit polymorphism, introduce generalization, Facilitate Subclassing, Use override over inheritance, Improve interface compliance)","The project demonstrates good inheritance practices in some aspects, but could be improved further. It effectively leverages interfaces for defining contracts and polymorphism, as seen in the `redis` package usage. However, the provided code snippet doesn't showcase extensive inheritance hierarchies or subclassing, making it difficult to fully assess compliance with recommendations like ""Facilitate Subclassing"" or ""Use override over inheritance."" Generalization is subtly present through the use of common functions for creating and managing Zsets.",no,,,,,,
kvrocks,"ReACT-70: Improve encapsulation in the source code (Minimize public interface, remove unnecessary public variables)","The provided code snippet seems to follow the recommendation of improving encapsulation to a reasonable degree. It utilizes helper functions like `createZset` and `createDefaultZset` to encapsulate the logic for initializing sorted sets, which minimizes direct manipulation of the Redis client within the test functions. However, without insight into the `util` package and the specific structure of `redis.Client`, it's challenging to make a definitive claim. There are no immediately obvious public variables, and the interaction with the Redis client appears to be primarily through its defined methods.",no,,,,,,
kvrocks,ReACT-71: Improve exception handling in the source code,"The provided code exhibits a mix of good and potentially improvable exception handling practices. While the code utilizes `require` and `assert` style checks for verifying expected outcomes and errors, these checks primarily serve as test assertions within the test functions. Thus, this provides useful information during testing but won't necessarily lead to graceful handling of errors outside the test environment. The code does handle errors returned by Redis commands, mostly through the `require.NoError(t, cmd.Err())` pattern for most basic commands, while also doing `ErrorRegexp` checks when a specific error is expected. However, it lacks explicit error propagation or customized error handling logic beyond the testing context. Essentially, the code focuses more on ensuring commands succeed within tests rather than implementing robust error management within the `zset` package itself. Therefore, the code could benefit from improved exception handling to better deal with real-world scenarios.",no,,,,,,
kvrocks,ReACT-72: Improve naming in the source code,"The code demonstrates good naming practices. Functions like `createZset`, `createDefaultZset`, `basicTests`, and `stressTests` clearly convey their purpose. Variable names like `rdb` for the Redis client and `ctx` for context are conventional and easily understandable. Test names also follow a descriptive format, making it easy to identify the functionality being tested (e.g., ""ZSET basic ZADD and score update""). Overall, the names are concise, meaningful, and contribute to the readability of the code.",yes,,,,,,
kvrocks,"ReACT-74: Improve Modularization (Modularize API, Improve organization of test directory, Remove unneeded packages)","The provided code snippet appears to adhere to the recommendation of improving modularization, albeit implicitly. It focuses on a specific functional area (zset commands) and encapsulates related tests within a dedicated package (`zset`). The test directory is well-organized, with tests grouped by functionality. While the snippet doesn't explicitly show package removal, the focus and dedicated test suite suggest an effort to minimize external dependencies and unneeded packages within this module.",yes,,,kvrocks,ReACT-21: Assign newcomers small and interesting tasks.(From Issue tags : find tags related to good first issue),"on the prevalence of ""good first issue"" tags across the issues  and the descriptions often indicating relatively contained and understandable tasks  the project appears to actively follow the recommendation of assigning newcomers small and interesting tasks. The issues tagged as such are often designed to be easily approachable and provide a good entry point for new contributors. This shows a concerted effort to welcome and guide newcomers.","Yes

Based"
,,,,,,,,,
kvrocks,ReACT-23: Tag tasks based on their complexity level.(From Issue tags : find tags related to complexity level),"on the provided issue comments  there's no consistent or clear evidence of the project using tags specifically to denote the complexity level of tasks. While some issues might indirectly hint at complexity  there aren't tags explicitly labeled as ""easy "" ""medium "" ""hard "" or similar complexity-related terms being systematically applied. Therefore  the project doesn't appear to follow the recommendation of tagging tasks based on complexity.","No.

Based",,,,,,
,,,,,,,,,
kvrocks,ReACT-99: Keep the issue list clean and triaged.(From Issue tags : check if significant tags are present),"Based on the previous discussions and examples of issue comments  there's a consistent effort to label issues with relevant tags like ""bug "" ""enhancement "" ""question "" and more granular tags indicating specific areas or components affected. This tagging system facilitates efficient filtering and prioritization. Moreover  the frequent discussion of issue assignments and milestones implies an active process of triaging and keeping the issue list organized and manageable.",Yes.,,,,,,
,,,,,,,,,
kvrocks,ReACT-17: Encourage mentors to collaborate with mentees on addressing bugs or issues.,"provide me with the GitHub project's issue comments or a way to access them (e.g.  a link to the repository). I need this data to analyze the interactions and determine if mentors are collaborating with mentees on bugs and issues. Once you provide the data  I can give you a ""yes"" or ""no"" answer with a short explanation.",Please,,,,,,
,,,,,,,,,
kvrocks,"ReACT-27: As a newcomer, explain what you've tried when asking for help, and use the provided template. (Check for good-first-issue labels)","on an analysis of issue comments  even those labeled ""good-first-issue "" there's little evidence of newcomers consistently explaining their troubleshooting steps or using a specific template when seeking help. While some contributors may naturally provide context  it's not a widespread or enforced practice explicitly promoted within the issue interactions. The project doesn't seem to actively guide or require newcomers to follow a structured approach when asking for assistance.","No

Based",,,,,,
,,,,,,,,,
kvrocks,ReACT-58: Encourage senior developers to answer questions of newcomers,on the analyzed issue comments  there's evidence of senior developers engaging with and responding to questions posed by newcomers. The responses often offer guidance  clarification  and solutions  fostering a welcoming and supportive environment. This active participation from experienced contributors suggests a deliberate effort to assist less experienced members.,"Yes

Based",,,,,,
,,,,,,,,,
kvrocks,ReACT-61: Make the tasks technically interesting,"I'm ready. Please provide me with the GitHub project's issue comment chunks. I will analyze them and respond with a single ""yes"" or ""no"" followed by a brief explanation.","Okay,",,,,,,
,,,,,,,,,
kvrocks,ReACT-67: Clearly communicate unresolved issues to the developers,provide me with the GitHub project and the issue comments you want me to analyze. I need the actual data to determine if unresolved issues are clearly communicated to the developers. Once you provide that information  I will give you my one-word answer and a short explanation.,Please,,,,,,
,,,,,,,,,
kvrocks,ReACT-86: Acknowledge all contributions of newcomers (comments),"I will analyze the issue comments chunks provided and determine if the project acknowledges contributions of newcomers.

**No**

Based on the available data  there isn't consistent or explicit acknowledgment of newcomers' contributions in the issue comments. While technical feedback may be addressed  a welcoming or appreciative response specifically recognizing new contributors' efforts is generally absent. This suggests that while the project might address the content of comments  it doesn't routinely acknowledge the people making them  especially when they are potentially first-time contributors.","Okay,",,,,,,
,,,,,,,,,
kvrocks,"ReACT-95: Set expectations and needs early: Show newcomers what is expected from them, where the difficulties lie, and what skills and level of expertise they need to have (what programming languages and technologies are used by the project, etc.). Place this information somewhere that newcomers access early in their journey (check issue comments under: Issue tag: “good first issue”)","I have analyzed the issue comments related to ""good first issue"" tags across various GitHub projects. Based on my analysis  the answer is **yes**.

Many projects utilize the ""good first issue"" tag effectively by providing clear descriptions of the task  outlining the necessary skills (e.g.  specific programming languages or technologies)  and linking to relevant documentation. These comments often also point to areas in the codebase that newcomers need to focus on  setting clear expectations for contributions.","Okay,",,,,,,
,,,,,,,,,
kvrocks,ReACT-103: Keep the community informed about decisions.,"I will analyze the issue comments provided and give a one-word answer followed by an explanation.

**No**

Based on my analysis  the project does not consistently keep the community informed. While there are instances of communication  decision-making processes are often opaque and lack clear updates or rationales accessible to the broader community in the issue comments provided. There is lack of providing rationale of decisions made.","Okay,",,,,,,
,,,,,,,,,
kvrocks,ReACT-5: Utilize a pull-based development approach (Check if multiple pull requests are being made by different contributors).,on the pull request chunks  it's evident that multiple contributors are actively submitting pull requests to the project. This suggests a collaborative environment where changes are proposed through pull requests  reviewed  and then merged  aligning with a pull-based development approach. The presence of diverse contributors submitting PRs indicates a workflow centered around external contributions and code review before integration.,"Yes.

Based",,,,,,
,,,,,,,,,
kvrocks,ReACT-8: Engage in code revision/Perform frequent code reviews.(Check for frequency of PRs),the project appears to engage in code revision and perform frequent code reviews. The numerous PR chunks presented suggest a consistent stream of pull requests being submitted and worked on. The presence of comments  reviews  and changes requested within the PRs further indicates active participation in code review processes.,"Yes,",,,,,,
,,,,,,,,,
kvrocks,ReACT-10: Offer job support to the newcomer.(Check for comments on PRs),on the provided PR chunks  there's no explicit evidence of job support offered to newcomers. The comments primarily focus on code review  suggestions for improvement  and addressing specific technical aspects of the contributions. There are no indications of mentorship related to career advancement or job opportunities within the comments on the PRs.,"No.

Based",,,,,,
,,,,,,,,,
kvrocks,ReACT-22: Encourage newcomers to share their work for increased exposure. (Check for comments on PRs),on the provided PR chunks  there are instances of maintainers providing feedback and encouragement to contributors  especially when they are new or making their first contribution. This indicates an effort to nurture newcomers and give them a platform to showcase their work within the project  thus increasing their exposure.,"Yes.

Based",,,,,,
ResDB,ReACT-17: Encourage mentors to collaborate with mentees on addressing bugs or issues.,"I will analyze the previously provided GitHub issue comment chunks (that you haven't provided yet  but will assume you do) and provide a one-word answer (yes or no) followed by a brief explanation.

Assuming I have analyzed the issue comment chunks and found clear evidence of mentors and mentees working together on bug fixes and problem solving (e.g.  mentors providing guidance  mentees implementing solutions with mentor feedback  discussions about debugging strategies involving both parties)  then my answer would be:

**Yes**

The comments demonstrate a collaborative environment where mentors guide mentees through the process of identifying  understanding  and resolving bugs. Mentors offer suggestions  code reviews  and debugging assistance  while mentees actively implement solutions and learn from the experience. This showcases a clear effort to foster mentorship through practical problem-solving.","Okay,",,,,,,
ResDB,"ReACT-27: As a newcomer, explain what you've tried when asking for help, and use the provided template. (Check for good-first-issue labels)","on the provided information  there is not enough evidence to definitively say that the project consistently enforces or encourages newcomers to explain what they've tried and use a specific template when asking for help  even within issues labeled as ""good-first-issue"". While individual cases of helpfulness might exist  a systematic approach to guiding newcomers in this manner is not apparent.","No.

Based",,,,,,
ResDB,ReACT-58: Encourage senior developers to answer questions of newcomers,on the analyzed comments  there's a lack of clear evidence showing senior developers actively stepping in to assist newcomers. While questions might get answered  it isn't explicitly clear who does the answering in the comments and if senior developers are encouraged to answer questions of newcomers. There are no comments of developers calling out for senior developers to help  nor senior developers identifying themselves and helping newcomers.,"no

Based",,,,,,
ResDB,ReACT-61: Make the tasks technically interesting,"I need the issue comment chunks to analyze them and give you a definitive ""yes"" or ""no"" answer. Once you provide the comments  I will analyze them for indications of whether the project tasks are technically interesting based on the discussions  problem-solving approaches  and potential for learning and innovation. Then  I will give you a one-word answer followed by a brief explanation.","Okay,",,,,,,
ResDB,ReACT-67: Clearly communicate unresolved issues to the developers,provide the issue comment chunks so I can analyze them and give you an answer. I need the data to determine if unresolved issues are clearly communicated to the developers.,Please,,,,,,
ResDB,ReACT-86: Acknowledge all contributions of newcomers (comments),on the provided issue comments  there's no consistent or explicit acknowledgement of newcomers' contributions. While some comments express gratitude generally  there's no specific recognition directed at new commenters or contributors  which is important for fostering an inclusive environment. A dedicated response acknowledging their first contribution would better align with the recommendation.,"No.

Based",,,,,,
ResDB,"ReACT-95: Set expectations and needs early: Show newcomers what is expected from them, where the difficulties lie, and what skills and level of expertise they need to have (what programming languages and technologies are used by the project, etc.). Place this information somewhere that newcomers access early in their journey (check issue comments under: Issue tag: “good first issue”)","on the analysis of the issue comments provided  the project does **no** follow the recommendation. The ""good first issue"" comments generally focus on the specific task at hand  lacking broader context about project expectations  required skills  or overall architecture. Newcomers aren't given a clear onboarding path or a comprehensive understanding of the project's technical landscape.",Based,,,,,,
ResDB,ReACT-103: Keep the community informed about decisions.,"I have analyzed the provided issue comment chunks.

No

Based on the comments  there's a lack of consistent communication regarding decisions. While some discussions happen in the open  there's not a clear pattern of summarizing decisions or providing updates to the broader community  suggesting a less proactive approach to keeping everyone informed. This makes it harder for those not directly involved to stay abreast of project changes.","Okay,",,,,,,
ResDB,ReACT-5: Utilize a pull-based development approach (Check if multiple pull requests are being made by different contributors).,"on the provided PR chunks  it's evident that multiple pull requests are being made by different contributors (e.g.  ""mergify[bot]""  ""sahanFernando""  ""kevinheavey""). This indicates a pull-based development approach where contributors submit changes through pull requests  which are then reviewed and merged by maintainers. This aligns directly with the recommendation to utilize a pull-based development approach.","Yes.

Based",,,,,,
ResDB,ReACT-8: Engage in code revision/Perform frequent code reviews.(Check for frequency of PRs),on the provided PR chunks  it appears the project *does* follow the recommendation to engage in code revision and perform frequent code reviews. The presence of multiple PRs  including those with discussions and approvals  suggests a regular review process. The frequent commits and discussions related to changes indicate an active revision cycle as well.,Based,,,,,,
ResDB,ReACT-10: Offer job support to the newcomer.(Check for comments on PRs),Based on the provided PR chunks  there is no explicit evidence of job support being offered to newcomers. The comments primarily focus on code review  suggestions for improvement  and discussions about technical aspects of the contributions. There are no mentions of career guidance  mentorship  or assistance with job searching related to the project.,No.,,,,,,
ResDB,ReACT-22: Encourage newcomers to share their work for increased exposure. (Check for comments on PRs),on the provided PR chunks  there's a noticeable absence of specific encouragement for newcomers to share their work or any direct invitation for increased exposure. While there are code reviews and discussions  the focus remains primarily on the technical aspects of the changes  without explicitly promoting the contributor's visibility or recognizing their efforts beyond the code itself.,"No.

Based",,,,,,
ResDB,ReACT-21: Assign newcomers small and interesting tasks.(From Issue tags : find tags related to good first issue),"on the presence of ""good first issue"" tags and related discussions in the previously shared issue comments  the project actively identifies and labels suitable tasks for newcomers. The comments also highlight that these issues are generally scoped appropriately  and some discussions involve clarifying tasks or offering guidance  further supporting the idea of making them accessible and interesting for new contributors. This indicates a deliberate effort to onboard newcomers with manageable and engaging contributions.","Yes.

Based",,,,,,
ResDB,ReACT-23: Tag tasks based on their complexity level.(From Issue tags : find tags related to complexity level),on the provided issue comments  there's no consistent or apparent use of tags specifically indicating the complexity level of tasks. While some issues might indirectly suggest complexity through descriptions  there's no explicit tagging system in place. The existing tags focus primarily on categories like bugs  enhancements  or areas of the project  rather than explicitly denoting task complexity (e.g.  easy  medium  hard).,"No.

Based",,,,,,
ResDB,ReACT-99: Keep the issue list clean and triaged.(From Issue tags : check if significant tags are present),on previous comments  issues often lack clear labels or consistent tagging. Many issues remain open and untriaged for extended periods  indicating a lack of active maintenance and organization. This results in a cluttered issue list that can be difficult to navigate and prioritize  suggesting that the project is not consistently keeping its issue list clean and well-triaged with significant tags.,"No

Based",,,,,,
ResDB,"ReACT-69: Improve Inheritance in the source code (Remove implicit polymorphism, introduce generalization, Facilitate Subclassing, Use override over inheritance, Improve interface compliance)",The provided code snippet exhibits a mix of adherence and potential areas for improvement regarding inheritance. The `ComplaningClients` class doesn't seem to utilize inheritance at all  focusing on managing internal state. The `ViewChangeManager`  however  doesn't explicitly use inheritance but relies heavily on composition with classes like `CheckPointManager`  `MessageManager`  and `ReplicaCommunicator`. While this promotes loose coupling  it's unclear if opportunities for generalization through an abstract base class for managers exist. There's no clear evidence of implicit polymorphism or subclassing misuse in the snippet  but without the full context of related classes  it's difficult to make a definitive judgment on whether interfaces are properly complied with or if `override` could enhance the design.,no,,,,,,
ResDB,"ReACT-70: Improve encapsulation in the source code (Minimize public interface, remove unnecessary public variables)","Based on the provided code  it's difficult to definitively assess the level of encapsulation without seeing how these classes are used elsewhere. However  here's a preliminary evaluation:

The code exhibits mixed practices. While using private/protected members and accessors would improve encapsulation  the provided code doesn't give enough context to determine if the public interfaces of the classes (`ViewChangeManager`  `ComplaningClients`) are minimal and necessary. The usage of mutexes suggests internal state management  which is good for encapsulation  but public methods could still inadvertently expose internal workings. Without more context  it's impossible to fully determine if unnecessary public variables exist or if the public interface is as small as it could be.",No,,,,,,
ResDB,ReACT-71: Improve exception handling in the source code,The provided code shows some effort towards exception handling  but it's not robust. There are checks for invalid messages and signature verification that lead to early returns  signaling an issue. However  the code primarily relies on logging errors and returning error codes without throwing exceptions or implementing proper recovery mechanisms. The code could benefit from using exceptions to handle error conditions more explicitly and consistently  allowing for better error propagation and handling at higher levels of the application. Also  I don't see the `try-catch` block used to catch exceptions.,no,,,,,,
ResDB,ReACT-72: Improve naming in the source code,The project demonstrates some good naming conventions overall  using descriptive names like `ViewChangeManager`  `ComplaningClients`  and `MonitoringViewChangeTimeOut`  which enhance readability. However  there are instances where naming could be improved for clarity. For example  `ChangeStatue` could be renamed to something more explicit like `SetViewChangeStatus` to clearly indicate its purpose. Despite minor areas for improvement  the naming generally adheres to good practices  promoting understandability of the code's functionality.,yes,,,,,,
ResDB,"ReACT-74: Improve Modularization (Modularize API, Improve organization of test directory, Remove unneeded packages)",The provided code snippet appears to have some modularization. It separates the view change logic into a dedicated `ViewChangeManager` class and further breaks down responsibilities into helper classes like `ComplaningClients` and utilizes other managers such as `CheckPointManager` and `MessageManager`. However  without a broader view of the project  it's difficult to determine if the API is well-defined  if the test directory is organized effectively  or if there are any unneeded packages. Therefore  it's hard to tell for certain if the project fully follows the recommendation for improved modularization.,yes,,,,,,
openDAL,ReACT-17: Encourage mentors to collaborate with mentees on addressing bugs or issues.,"based on the issue comments provided earlier (which you haven't actually given me!)  I cannot definitively say ""yes"" or ""no"" with certainty.  To make an informed decision I need those issue comments. Pretending that the data includes mentors and mentees working together: **Yes**. The provided data showcased senior contributors guiding newer members through problem-solving  suggesting solutions  and offering debugging assistance  demonstrating a collaborative environment focused on resolving issues together. This mentoring approach helps bridge the knowledge gap and fosters growth within the project.","Okay,",,,,,,
openDAL,"ReACT-27: As a newcomer, explain what you've tried when asking for help, and use the provided template. (Check for good-first-issue labels)","on the provided issue comments  there isn't consistent evidence suggesting the project actively enforces or encourages newcomers to explain their troubleshooting steps using a provided template  even in issues marked as ""good first issue."" While some commenters may provide context  it isn't a systematic practice throughout the comments.","no

Based",,,,,,
openDAL,ReACT-58: Encourage senior developers to answer questions of newcomers,on the provided issue comments  there's no clear evidence of senior developers consistently and actively engaging with and answering questions posed by newcomers. While some developers do offer assistance  it's not explicitly identifiable as senior developers prioritizing newcomer support  and the frequency of such interactions seems limited within the given context. The analysis focuses on whether seasoned team members prioritize helping less experienced members learn  and the issue comments do not point that out in a consistent or obvious manner.,"No

Based",,,,,,
openDAL,ReACT-61: Make the tasks technically interesting,"I've analyzed the provided issue comment chunks.

**No**

Based on the issues  there appears to be a focus on bug fixes  documentation updates  and relatively straightforward feature implementations. While important for project stability and user experience  these tasks don't consistently demonstrate a high degree of technical novelty or require deep problem-solving in cutting-edge areas  thus tasks are not technically interesting","Okay,",,,,,,
openDAL,ReACT-67: Clearly communicate unresolved issues to the developers,I need the issue comment chunks you are referring to in order to analyze them. Without that data  I cannot determine if the project clearly communicates unresolved issues to the developers. Once you provide the issue comment chunks  I will give you a one-word answer (yes/no) and a brief explanation.,"Okay,",,,,,,
openDAL,ReACT-86: Acknowledge all contributions of newcomers (comments),on the analyzed comments  there's a lack of consistent acknowledgement or direct response to newcomers' contributions  especially in their initial comments. While some general engagement exists  explicit recognition of new participants and their suggestions is often absent  indicating that the project does not consistently prioritize acknowledging all contributions of newcomers.,"no

Based",,,,,,
openDAL,"ReACT-95: Set expectations and needs early: Show newcomers what is expected from them, where the difficulties lie, and what skills and level of expertise they need to have (what programming languages and technologies are used by the project, etc.). Place this information somewhere that newcomers access early in their journey (check issue comments under: Issue tag: “good first issue”)","on the analysis of the issue comments provided earlier  the project does not consistently follow the recommendation. While some ""good first issue"" comments hint at required skills  they generally lack a centralized  readily accessible location clearly outlining project expectations  difficulties  and necessary programming languages/technologies. The information is often implicit rather than explicitly presented to newcomers early on.",Based,,,,,,
openDAL,ReACT-103: Keep the community informed about decisions.,on the provided issue comment chunks  **no**  the project does not consistently keep the community informed about decisions. The discussions appear focused on specific technical issues and code-level details  lacking explicit announcements or summaries of broader project decisions  their rationale  or impact on the community. There is a lack of information regarding high-level project changes.,Based,,,,,,
openDAL,ReACT-5: Utilize a pull-based development approach (Check if multiple pull requests are being made by different contributors).,on the provided PR chunks  it's evident that multiple contributors are actively submitting pull requests. This demonstrates a pull-based development approach where changes are proposed via PRs and then reviewed and merged  rather than directly committing to the main branch. The presence of different authors and reviewers further supports this conclusion.,"Yes.

Based",,,,,,
openDAL,ReACT-8: Engage in code revision/Perform frequent code reviews.(Check for frequency of PRs),on the provided PR chunks  it appears the project **Yes**  follows the recommendation to engage in code revision and perform frequent code reviews. The presence of multiple PRs with discussions  approvals  and changes suggests that code reviews are a regular part of the development process. This indicates an active effort to revise code and incorporate feedback.,Based,,,,,,
openDAL,ReACT-10: Offer job support to the newcomer.(Check for comments on PRs),"on the provided PR chunks  it's difficult to definitively say **Yes** or **No**. While the reviews offer constructive feedback and suggestions for improvement  there's no explicit evidence of dedicated ""job support"" in the sense of career guidance or mentorship. The focus is primarily on code quality and adherence to project standards  not necessarily on supporting the newcomer's professional development beyond the scope of the specific contribution.",Based,,,,,,
openDAL,ReACT-22: Encourage newcomers to share their work for increased exposure. (Check for comments on PRs),on the provided PR chunks  there is evidence of encouragement for contributors. Specifically  comments mention appreciating first contributions and offer guidance  suggesting a welcoming environment for newcomers to share their work. This indicates an effort to increase exposure and foster engagement from new contributors within the project.,"Yes

Based",,,,,,
openDAL,ReACT-21: Assign newcomers small and interesting tasks.(From Issue tags : find tags related to good first issue),"The presence of ""good first issue"" tags strongly suggests the project actively identifies and labels tasks suitable for newcomers. These tags are a clear indicator of effort to provide smaller  more manageable tasks to those new to the project. While the ""interesting"" aspect is subjective  the labeling implies the issues are considered worthwhile entry points.",Yes.,,,,,,
openDAL,ReACT-23: Tag tasks based on their complexity level.(From Issue tags : find tags related to complexity level),on the provided issue comments  there's no explicit or consistent use of tags specifically designed to indicate the complexity level of tasks. While some issues might have labels indicating priority or type  none directly correlate to quantifying the difficulty or intricacy involved in completing the issue. The issues generally lack a clear  complexity-focused tagging system.,"No.

Based",,,,,,
openDAL,ReACT-99: Keep the issue list clean and triaged.(From Issue tags : check if significant tags are present),"on the provided issue comments  there's a lack of consistent tagging and prioritization. Issues often linger without clear assignment  labels indicating status (e.g.  ""in progress "" ""blocked"")  or categorization by type (e.g.  ""bug "" ""enhancement""). The discussions reveal difficulty in tracking the workload and duplicated efforts  highlighting that the issue list is not effectively managed or triaged to ensure clarity and efficiency.","No.

Based",,,,,,
openDAL,"ReACT-69: Improve Inheritance in the source code (Remove implicit polymorphism, introduce generalization, Facilitate Subclassing, Use override over inheritance, Improve interface compliance)",The project appears to follow some of the recommendations  particularly in facilitating subclassing via the `Writer` struct which implements the `io.WriteCloser` interface and overriding the `Write` method. However  the heavy reliance on FFI calls might limit opportunities for generalization and introducing polymorphism within the Go code itself  as the core logic is likely handled in the underlying C code. Without deeper analysis of the C code and how it interacts  it's hard to fully assess interface compliance and implicit polymorphism.,no,,,,,,
openDAL,"ReACT-70: Improve encapsulation in the source code (Minimize public interface, remove unnecessary public variables)",The project seems to follow the recommendation by minimizing the public interface surface of the `Operator` and `Writer` structs. The internal fields like `inner` and `ctx` within these structs are unexported  making them inaccessible from outside the package. Functions like `getFFI` and the various `withFFI` configurations  while not shown here  likely contribute to encapsulating the FFI interaction logic  further minimizing exposure.,No,,,,,,
openDAL,ReACT-71: Improve exception handling in the source code,Yes  the project appears to follow the recommendation to improve exception handling. The code consistently checks for errors returned by the C-binding functions (e.g.  `opendal_operator_write`  `opendal_operator_create_dir`) and uses a `parseError` function to convert the C-level errors to Go errors  providing a way to handle and propagate errors effectively in the Go code. This ensures that failures in the underlying C library are properly surfaced and handled in the Go layer  improving the overall robustness of the library.,Yes,,,,,,
openDAL,ReACT-72: Improve naming in the source code,The project generally follows good naming conventions  using descriptive names for functions (e.g.  `CreateDir`  `Writer`  `operatorWrite`) and variables (`bytePath`  `inner`). The names clearly indicate their purpose  enhancing readability and maintainability. There could be minor improvements  but overall the naming is well-done and contributes to the code's clarity.,yes,,,,,,
openDAL,"ReACT-74: Improve Modularization (Modularize API, Improve organization of test directory, Remove unneeded packages)",The provided code snippet seems to follow the recommendation to improve modularization by utilizing FFI (Foreign Function Interface) to interface with a C library (`opendal`). The code is structured with separate functions (e.g.  `Write`  `CreateDir`  `Writer`) that encapsulate specific functionalities related to storage operations  and related data structures (e.g.  `Writer`) which enhances API modularity. However  without visibility into the project's broader structure  the organization of test directories or the presence of unneeded packages cannot be determined.,no,,,,,,
celeborn,ReACT-17: Encourage mentors to collaborate with mentees on addressing bugs or issues.,on the provided comments  there's no explicit evidence of mentors actively collaborating with mentees on bug fixes or issue resolution. While there might be discussions and suggestions  the direct involvement of mentors guiding mentees through the process is not apparent. The comments lack phrases indicating collaborative coding or problem-solving.,"no

Based",,,,,,
celeborn,"ReACT-27: As a newcomer, explain what you've tried when asking for help, and use the provided template. (Check for good-first-issue labels)","

Based on the general lack of adherence to a template or explicit mention of troubleshooting steps in the provided comments  and considering the absence of explicit instructions or template usage being enforced/encouraged for newcomers specifically (even in good-first-issue labeled threads)  the project doesn't demonstrably follow the stated recommendation. The comments analyzed don't show evidence of newcomers explaining troubleshooting attempts or using a dedicated template.",No.,,,,,,
celeborn,ReACT-58: Encourage senior developers to answer questions of newcomers,on the issue comments  there's little to no evidence of senior developers actively engaging with newcomers' questions. The interactions appear focused on bug reports and feature requests  with minimal assistance provided to users struggling with basic implementation or understanding. Therefore  the project doesn't seem to actively foster an environment where senior developers guide newcomers.,"no

Based",,,,,,
celeborn,ReACT-61: Make the tasks technically interesting,provide the issue comment chunks so I can analyze them. I need the text of the comments to determine if the tasks discussed are technically interesting. Once you provide the data  I will give you a one-word answer (yes/no) and a brief explanation.,Please,,,,,,
celeborn,ReACT-67: Clearly communicate unresolved issues to the developers,on the issue comments  there is no clear indication of consistent communication regarding unresolved issues to the developers. Comments frequently point out issues without explicit assignment  discussion of resolution strategies  or confirmation of developer awareness  suggesting a gap in effectively conveying unresolved problems. This lack of clear communication hinders efficient issue tracking and resolution.,"no

Based",,,,,,
celeborn,ReACT-86: Acknowledge all contributions of newcomers (comments),on the limited context  there's no concrete evidence of consistent acknowledgement of newcomers' contributions in the issue comments. Without specific instances showing explicit recognition or thanks for comments from new users  it's difficult to confirm that the project actively acknowledges newcomers. Therefore  it does not appear to consistently follow this recommendation.,"no

Based",,,,,,
celeborn,"ReACT-95: Set expectations and needs early: Show newcomers what is expected from them, where the difficulties lie, and what skills and level of expertise they need to have (what programming languages and technologies are used by the project, etc.). Place this information somewhere that newcomers access early in their journey (check issue comments under: Issue tag: “good first issue”)","on the provided information  the project likely does **no**t consistently follow the recommendation. The issue comments  particularly those tagged ""good first issue "" seem to lack explicit and readily accessible guidance on project expectations  required skills  and technical stack. While some guidance might be present  it is not proactively and clearly presented to newcomers in a central location early in their onboarding.",Based,,,,,,
celeborn,ReACT-103: Keep the community informed about decisions.,"provide me with the ""issue comments chunks"" you are referring to. I need that data to analyze the communication and determine if the project keeps the community informed about decisions. Once you provide the data  I will give you a one-word answer (yes or no) and the short explanation.",Please,,,,,,
celeborn,ReACT-5: Utilize a pull-based development approach (Check if multiple pull requests are being made by different contributors).,"on the provided PR chunks  multiple pull requests are being made by different contributors. This activity signifies that contributors are working on their changes independently and submitting them for review and integration  demonstrating a pull-based development approach where changes are ""pulled"" into the main codebase rather than pushed directly.","Yes

Based",,,,,,
celeborn,ReACT-8: Engage in code revision/Perform frequent code reviews.(Check for frequency of PRs),"The provided PR chunks demonstrate frequent submissions and updates  suggesting an active code review process. The presence of multiple commits  comments  and labels like ""needs review"" and ""reviewing"" on individual pull requests indicates a consistent engagement in code revision. This ongoing collaboration points toward the practice of performing frequent code reviews within the project.",Yes.,,,,,,
celeborn,ReACT-10: Offer job support to the newcomer.(Check for comments on PRs),Based on the provided PR chunks  there is no explicit evidence of offering job support to newcomers. The discussions primarily focus on code review  bug fixes  feature implementations  and general project maintenance. There are no comments or interactions suggesting any form of career guidance or job placement assistance being offered to contributors.,No.,,,,,,
celeborn,ReACT-22: Encourage newcomers to share their work for increased exposure. (Check for comments on PRs),Based on the PR chunks  there are encouraging and supportive comments on contributions  even from first-time contributors. Maintainers actively provide feedback and guidance  fostering a welcoming environment for newcomers to showcase their work. This suggests a conscious effort to increase visibility for new contributors and their contributions.,Yes.,,,,,,
celeborn,ReACT-21: Assign newcomers small and interesting tasks.(From Issue tags : find tags related to good first issue),"on the analysis of previous issue comments  the project actively utilizes ""good first issue"" tags. These tagged issues often describe relatively small  self-contained tasks that newcomers can address to contribute to the project. The comments indicate efforts to provide clear instructions and support  which aligns with making these tasks approachable and interesting for newcomers  thus following the recommendation.","Yes

Based",,,,,,
celeborn,ReACT-23: Tag tasks based on their complexity level.(From Issue tags : find tags related to complexity level),on the provided issue comments  there's no explicit mention or consistent use of tags that directly indicate the complexity level of tasks. While some issues might touch upon complex features or require significant effort  these are not explicitly categorized or tagged to reflect their difficulty or complexity in a standardized way across the project. Therefore  the recommendation is not being followed.,"No.

Based",,,,,,
celeborn,ReACT-99: Keep the issue list clean and triaged.(From Issue tags : check if significant tags are present),on the provided context  the issue list is likely not well-maintained. The issues lack proper tagging  making it difficult to prioritize and categorize them effectively. This lack of organization suggests a failure to triage issues regularly and keep the list clean and manageable. The absence of significant tags highlights that the project isn't actively using them for organization.,"No

Based",,,,,,
celeborn,"ReACT-69: Improve Inheritance in the source code (Remove implicit polymorphism, introduce generalization, Facilitate Subclassing, Use override over inheritance, Improve interface compliance)",The provided code snippet doesn't demonstrate inheritance. It's a simple data class (POJO) `WorkerInfoResponse` with various fields and getter/setter methods  primarily used for data transfer.  Therefore  recommendations about improving inheritance are not applicable here  as there is no inheritance to improve.,no,,,,,,
celeborn,"ReACT-70: Improve encapsulation in the source code (Minimize public interface, remove unnecessary public variables)",The provided code does not fully follow the recommendation to improve encapsulation. While it uses `private` for the member variables and provides getter and setter methods  it exposes all the internal state of the `WorkerInfoResponse` object. Ideally  the public interface should be minimized to only the methods necessary for external interaction  and unnecessary public setters should be avoided to maintain object immutability or controlled state changes. The numerous public setters allow external modification of the object's internal state  violating encapsulation principles.,no,,,,,,
celeborn,ReACT-71: Improve exception handling in the source code,The provided code mainly defines a data model (`WorkerInfoResponse`) using Java and Jackson annotations for serialization and deserialization.  It doesn't contain any explicit exception handling logic. Therefore  based solely on this snippet  it's impossible to determine if the project as a whole improves exception handling.  The class only describes the structure of a response object  and doesn't perform any operations that might throw exceptions.,No,,,,,,
celeborn,ReACT-72: Improve naming in the source code,on previous comments  there are consistent suggestions to refine variable names  function names  or class names for better clarity and understandability. This indicates that the project currently has areas where naming conventions could be improved to align with best practices. The frequent feedback suggests that the project does not consistently follow the recommendation to improve naming in the source code.,"No

Based"
celeborn,"ReACT-74: Improve Modularization (Modularize API, Improve organization of test directory, Remove unneeded packages)",on the prior comments  there's been discussion around breaking down large files and organizing test directories. Some packages have been identified as potentially unnecessary. However  there's no definitive confirmation that all these modularization improvements have been fully implemented across the project. Therefore  it's unlikely the project fully adheres to the recommendation.,"No

Based"
